{
  "posts": [
    {
      "id": "1",
      "title": "My First Post",
      "datetime": "July 01, 2021 11:17:36 AM",
      "body": "Lorem ipsum dolor sit amet consectetur adipisicing elit. Quis consequatur expedita, assumenda similique non optio! Modi nesciunt excepturi corrupti atque blanditiis quo nobis, non optio quae possimus illum exercitationem ipsa!"
    },
    {
      "id": "2",
      "title": "My 2nd Post",
      "datetime": "July 01, 2021 11:17:36 AM",
      "body": "Lorem ipsum dolor sit amet consectetur adipisicing elit. Quis consequatur expedita, assumenda similique non optio! Modi nesciunt excepturi corrupti atque blanditiis quo nobis, non optio quae possimus illum exercitationem ipsa!"
    },
    {
      "id": "3",
      "title": "My 3rd Post",
      "datetime": "July 01, 2021 11:17:36 AM",
      "body": "Lorem ipsum dolor sit amet consectetur adipisicing elit. Quis consequatur expedita, assumenda similique non optio! Modi nesciunt excepturi corrupti atque blanditiis quo nobis, non optio quae possimus illum exercitationem ipsa!"
    },
    {
      "id": "4",
      "title": "My Fourth Post",
      "datetime": "July 01, 2021 11:17:36 AM",
      "body": "Lorem ipsum dolor sit amet consectetur adipisicing elit. Quis consequatur expedita, assumenda similique non optio! Modi nesciunt excepturi corrupti atque blanditiis quo nobis, non optio quae possimus illum exercitationem ipsa!"
    },
    {
      "id": "41",
      "title": "JS",
      "datetime": "March 04, 2024 9:23:07 AM",
      "body": "JS programming"
    }
  ]
}